{
  "seed": 0,
  "field": "complete",
  "max_round": 2,
  "num_origins": 156,
  "pass@1_with_correction": 0.03205128205128205,
  "pass@1_with_correction_num_solved_instances": 5,
  "pass@k_with_correction": 0.0641025641025641,
  "pass@k_with_correction_num_solved_instances": 10,
  "per_round": {
    "round_0": {
      "pass@k": 0.02564102564102564,
      "pass@k_num_solved_instances": 4,
      "pass@1": 0.019230769230769232,
      "pass@1_num_solved_instances": 3
    },
    "round_1": {
      "pass@k": 0.04487179487179487,
      "pass@k_num_solved_instances": 7,
      "pass@1": 0.02564102564102564,
      "pass@1_num_solved_instances": 4
    },
    "round_2": {
      "pass@k": 0.0641025641025641,
      "pass@k_num_solved_instances": 10,
      "pass@1": 0.03205128205128205,
      "pass@1_num_solved_instances": 5
    }
  },
  "final_round_sampled_pass_curve": {
    "max_k_over_origins": 4,
    "pass_curve": {
      "1": {
        "accuracy": 0.00641025641025641,
        "num_solved_instances": 1
      },
      "2": {
        "accuracy": 0.02564102564102564,
        "num_solved_instances": 4
      },
      "3": {
        "accuracy": 0.05128205128205128,
        "num_solved_instances": 8
      },
      "4": {
        "accuracy": 0.0641025641025641,
        "num_solved_instances": 10
      }
    }
  }
}