{
  "seed": 0,
  "field": "complete",
  "max_round": 2,
  "num_origins": 146,
  "pass@1_with_correction": 0.00684931506849315,
  "pass@1_with_correction_num_solved_instances": 1,
  "pass@k_with_correction": 0.02054794520547945,
  "pass@k_with_correction_num_solved_instances": 3,
  "per_round": {
    "round_0": {
      "pass@k": 0.0136986301369863,
      "pass@k_num_solved_instances": 2,
      "pass@1": 0.00684931506849315,
      "pass@1_num_solved_instances": 1
    },
    "round_1": {
      "pass@k": 0.02054794520547945,
      "pass@k_num_solved_instances": 3,
      "pass@1": 0.00684931506849315,
      "pass@1_num_solved_instances": 1
    },
    "round_2": {
      "pass@k": 0.02054794520547945,
      "pass@k_num_solved_instances": 3,
      "pass@1": 0.00684931506849315,
      "pass@1_num_solved_instances": 1
    }
  },
  "final_round_sampled_pass_curve": {
    "max_k_over_origins": 4,
    "pass_curve": {
      "1": {
        "accuracy": 0.02054794520547945,
        "num_solved_instances": 3
      },
      "2": {
        "accuracy": 0.00684931506849315,
        "num_solved_instances": 1
      },
      "3": {
        "accuracy": 0.02054794520547945,
        "num_solved_instances": 3
      },
      "4": {
        "accuracy": 0.02054794520547945,
        "num_solved_instances": 3
      }
    }
  }
}