{
  "seed": 0,
  "field": "complete",
  "max_round": 2,
  "num_origins": 36,
  "pass@1_with_correction": 0.08333333333333333,
  "pass@1_with_correction_num_solved_instances": 3,
  "pass@k_with_correction": 0.08333333333333333,
  "pass@k_with_correction_num_solved_instances": 3,
  "per_round": {
    "round_0": {
      "pass@k": 0.05555555555555555,
      "pass@k_num_solved_instances": 2,
      "pass@1": 0.05555555555555555,
      "pass@1_num_solved_instances": 2
    },
    "round_1": {
      "pass@k": 0.08333333333333333,
      "pass@k_num_solved_instances": 3,
      "pass@1": 0.08333333333333333,
      "pass@1_num_solved_instances": 3
    },
    "round_2": {
      "pass@k": 0.08333333333333333,
      "pass@k_num_solved_instances": 3,
      "pass@1": 0.08333333333333333,
      "pass@1_num_solved_instances": 3
    }
  },
  "final_round_sampled_pass_curve": {
    "max_k_over_origins": 4,
    "pass_curve": {
      "1": {
        "accuracy": 0.027777777777777776,
        "num_solved_instances": 1
      },
      "2": {
        "accuracy": 0.08333333333333333,
        "num_solved_instances": 3
      },
      "3": {
        "accuracy": 0.08333333333333333,
        "num_solved_instances": 3
      },
      "4": {
        "accuracy": 0.08333333333333333,
        "num_solved_instances": 3
      }
    }
  }
}