{
  "seed": 0,
  "field": "complete",
  "max_round": 2,
  "num_origins": 346,
  "automation_solved_num_instances": 0,
  "pass@1_with_correction": 0.002890173410404624,
  "pass@1_with_correction_num_solved_instances": 1,
  "pass@k_with_correction": 0.02023121387283237,
  "pass@k_with_correction_num_solved_instances": 7,
  "per_round": {
    "round_0": {
      "pass@k": 0.02023121387283237,
      "pass@k_num_solved_instances": 7,
      "pass@1": 0.002890173410404624,
      "pass@1_num_solved_instances": 1
    },
    "round_1": {
      "pass@k": 0.02023121387283237,
      "pass@k_num_solved_instances": 7,
      "pass@1": 0.002890173410404624,
      "pass@1_num_solved_instances": 1
    },
    "round_2": {
      "pass@k": 0.02023121387283237,
      "pass@k_num_solved_instances": 7,
      "pass@1": 0.002890173410404624,
      "pass@1_num_solved_instances": 1
    }
  },
  "final_round_sampled_pass_curve": {
    "max_k_over_origins": 32,
    "pass_curve": {
      "1": {
        "accuracy": 0.002890173410404624,
        "num_solved_instances": 1
      },
      "2": {
        "accuracy": 0.005780346820809248,
        "num_solved_instances": 2
      },
      "4": {
        "accuracy": 0.008670520231213872,
        "num_solved_instances": 3
      },
      "8": {
        "accuracy": 0.008670520231213872,
        "num_solved_instances": 3
      },
      "16": {
        "accuracy": 0.011560693641618497,
        "num_solved_instances": 4
      },
      "32": {
        "accuracy": 0.02023121387283237,
        "num_solved_instances": 7
      }
    }
  },
  "category_metrics": {
    "putnam": {
      "num_origins": 346,
      "automation_solved_num_instances": 0,
      "pass@1_with_correction": 0.002890173410404624,
      "pass@1_with_correction_num_solved_instances": 1,
      "pass@k_with_correction": 0.02023121387283237,
      "pass@k_with_correction_num_solved_instances": 7,
      "per_round": {
        "round_0": {
          "pass@k": 0.02023121387283237,
          "pass@k_num_solved_instances": 7,
          "pass@1": 0.002890173410404624,
          "pass@1_num_solved_instances": 1
        },
        "round_1": {
          "pass@k": 0.02023121387283237,
          "pass@k_num_solved_instances": 7,
          "pass@1": 0.002890173410404624,
          "pass@1_num_solved_instances": 1
        },
        "round_2": {
          "pass@k": 0.02023121387283237,
          "pass@k_num_solved_instances": 7,
          "pass@1": 0.002890173410404624,
          "pass@1_num_solved_instances": 1
        }
      },
      "final_round_sampled_pass_curve": {
        "max_k_over_origins": 32,
        "pass_curve": {
          "1": {
            "accuracy": 0.002890173410404624,
            "num_solved_instances": 1
          },
          "2": {
            "accuracy": 0.005780346820809248,
            "num_solved_instances": 2
          },
          "4": {
            "accuracy": 0.008670520231213872,
            "num_solved_instances": 3
          },
          "8": {
            "accuracy": 0.008670520231213872,
            "num_solved_instances": 3
          },
          "16": {
            "accuracy": 0.011560693641618497,
            "num_solved_instances": 4
          },
          "32": {
            "accuracy": 0.02023121387283237,
            "num_solved_instances": 7
          }
        }
      }
    }
  }
}